﻿book_id,book_title,category_id,author,book_copies,book_pub,publisher_name,isbn,copyright_year,date_receive,date_added,status
1,FARM MACHINERY AND PROCESSES MANAGEMENT IN SUSTAINABLE AGRICULTURE,1,PASCUZZI SIMONE,3,,,,,2023,,
2,NANOTECHNOLOGY APPLICATION IN AGRICULTURAL AND BIOPROCESS ENGINEERING. FARM TO TABLE,1,MEGH R. GOYA ET AL.,2,,,,,2023,,
3,AGRICULTURAL AND ENVIRONMENTAL NANOTECHNOLOGY: NOVEL TECHNOLOGIES AND THEIR ECOLOGICAL IMPACT,1,"FABIAN FERNANDEZ-LUQUENO, JAYANTA KUMAR PATRA",1,,,,,2023,,
4,"AGRICULTURAL WASTE: ENVIRONMENTAL IMPACT, USEFUL METABOLITES AND ENERGY PRODUCTION",1,"K.G. RAMAWAT, JEAN-MICHEL MÉRILLON, JAYA ARORA",2,,,,,2023,,
5,"AGRICULTURAL INNOVATION IN ASIA: EFFICIENCY, WELFARE, AND TECHNOLOGY",1,TERUAKI NANSEKI,6,,,,,2023,,
6,AGRICULTURAL DIGITIZATION AND ZHONGYONG PHILOSOPHY: CREATING A SUSTAINABLE CIRCULAR ECONOMY,1,"YIYAN CHEN, HOOI HOOI LEAN, YE LI",2,,,,,2023,,
7, ADVANCED IN HYDROLOGY AND CLIMATE CHANGE,1, CHAMDNIHA SURENDRA KUMAR,5,,,,,2023,,
8, CONCEPTS AND PRINCIPLES OF RAINFED AGRICULTURE & WATERSHED MANAGEMENT,1, MAHENDRA SINGH PAL,4,,,,,2023,,
9," AIIA 2022: BIOSYSTEMS ENGINEERING TOWARDS THE GREEN DEAL: IMPROVING THE RESILIENCE OF AGRICULTURE, FORESTRY AND FOOD SYSTEMS IN THE POST-COVID ER",1, VITO FERRO ET.AL,1,,,,,2023,,
10, BIOCONTROL SYSTEM AND PLANT PHYSIOLOGY IN MODERN AGRICULTURE,1, ROJAS ROMEO ETAL,1,,,,,2023,,
11, DYNAMIC FLUIDIC SPRINKLER AND INTELLIGENT SPRINKLER IRRIGATION TECHNOLOGIES,1, ZHU XINGYE ETAL,3,,,,,2023,,
12, FUNDAMENTAL OF TECHNICAL THERMODYNAMICS,1, DEHLI  MARTIN,1,,,,,2023,,
13, ENGINEERING MECHANICS STATICS,1, HIBBELER R.C,5,,,,,2023,,
14, SPRINKLER AND DRIP IRRIGATION,1, RAVIKUMAR.V,3,,,,,2023,,
15, BUILDING WITH BAMBOO: DESIGN AND TECHNOLOGY OF A SUSTAINABLE ARCHITECTURE,1, MINKE G.,1,,,,,2023,,
16," CEMENT AND CONCRETE: DESIGN, PERFORMANCE AND STRUCTURE",1," TEE F. K., CHIN S. C. AND GHAREHBAGHI K.",2,,,,,2023,,
17, BAMBOO AND SUSTAINABLE CONSTRUCTION,1, PALOMBINI L. F. AND NOGUEIRA M. F.,2,,,,,2023,,
18, WASTE RECOVERY AND MANAGEMENT,1, PARVEEN AJAY ET.AL,2,,,,,2023,,
19, ENGINEERING MECHANICS 2:STRENGTH OF MATERIALS,1,  MITTELSTEDT CHRISTIAN,4,,,,,2023,,
20, NANOTECHNOLOGY APPLICATIONS IN AGRICULTURAL AND BIO PROCESS ENGINEERING,1, GOYAL R. MEGH ET.AL,6,,,,,2023,,
21, FARM MACHINERY AND PROCESSES MANAGEMENT IN SUSTAINABLE AGRICULTURE:  XI INTERNATIONAL SCIENTIFIC SYMPOSIUM 2022,1, SIMONE PASCUZZI ET.AL,2,,,,,2023,,
22, ENGINEERING MECHANICS,1, MITTELSTEDT CHRISTIAN,3,,,,,2023,,
23, BIOMASS FOR BIOENERGY AND  BIOMATERIALS,1," ADLAKHA NIDHI, BHATNAGAR RAKESH AND YAZDANI SHAMS SYED",2,,,,,2023,,
24, INDUSTRIAL DESIGN OF EXPERIMENTS: A CASE STUDY APPROACH FOR DESIGN,1, SAMMY SHINA,1,,,,,2023,,
25, SWARM INTELLIGENCE,1, SHARMA ABHISHEK ET AL,2,,,,,2023,,
26, FUNDAMENTALS OF WASTEWATER TREATMENT  AND ENGINEERING,1, RIFFAT RUMANA,6,,,,,2023,,
27, ARTIFICIAL NEURAL NETWORK-BASED OPTIMIZED DESIGN OF REINFORCED CONCRETE STRUCTURES,1, WON-KEE HONG,2,,,,,2023,,
28, SOIL MECHANICS; NEW CONCEPT AND THEORY,1, MAO-HONG YU,5,,,,,2023,,
29," SUSTAINABLE NANOMATERIALS FOR BIOSYSTEMS ENGINEERING: TRENDS IN RENEWABLE ENERGY, ENVIRONMENT, AND AGRICULTURE",1, JUNAID AHMAD MALIK ET AL,4,,,,,2023,,
30, NANOTECHNOLOGY APPLICATIONS IN AGRICULTURAL AND BIOPROCESS ENGINEERING :FARM TO TABLE,1, MEGH R. GOYAL ET AL,1,,,,,2023,,
31, BIOLOGICAL AND CHEMICAL HAZARDS IN FOOD AND FOOD PRODUCTS,1, MISHRA SANTOSH K ETAL,1,,,,,2023,,
32," BIOLOGICAL AND CHEMICAL HAZARDS IN FOOD AND FOOD PRODUCTS; PREVENTION, PRACTICES, AND MANAGEMENT",1," SANTOSH K. MISHRA, PHD ET AL",3,,,,,2023,,
33, FUNDAMENTAL OF FLUID MECHANICS,1, CHASSAING PATRICK,1,,,,,2023,,
34, CLOUD IOT SYSTEMS FOR SMART AGRICULTURAL ENGINEERING,1, SARAVANAN KRISHNAN,5,,,,,2023,,
35, HEAT TRANSFER IN SUBSONIC SEPARATED  FLOWS,1, TEREKHOV   VIIKTOR ET AL,3,,,,,2023,,
36, HEAT TRANSFER 3,1, LEDOUX  MICHEL,1,,,,,2023,,
37, HYDRAULIC AND HYDROLOGIC ENGINEERING,1, SAMANI A. ZOHRAB,2,,,,,2023,,
38,  HYDROLOGICAL MODELING,1, JHA RAMAKAR ET AL,2,,,,,2023,,
39, BASIC OF FLUID MECHANICS,1, MEIR BAR GENICK,2,,,,,2023,,
40, SOLID WASTE ENGINEERING AND MANAGEMENT,1, WANG K. LAWRENCE ET AL,4,,,,,2023,,
41, ARTIFICIAL INTELLIGENCE AND DATA DRIVEN OPTIMIZATION OF  INTERNAL  COMBUSTION ENGINES,1,EDITORS :BADRA  JIHAD ETAL,6,,,,,2023,,
42," MATHEMATICAL, COMPUTATIONAL INTELLIGENCE AND ENGINEERING APPROACHES FOR TOURISM, AGRICULTURE",1,PANKAJ SRIVASTAVA ET AL,2,,,,,2023,,
43, ADVANCED IN HYDROLOGY AND CLIMATE CHANGE,1, CHAMDNIHA SURENDRA KUMAR,3,,,,,2023,,
44,"AGRICULTURAL COMMERCIALIZATION, NUTRITION, AND THE RURAL POOR: A STUDY OF PHILIPPINE FARM HOUSEHOLDS",1,"HOWARTH E. BOUIS, LAWRENCE J. HADDAD",2,,,,,2023,,
45,"AGRICULTURAL PRICES, POLICY, AND EQUITY IN SUB-SAHARAN AFRICA",1,"DHARAM GHAI, LAWRENCE D. SMITH",1,,,,,2023,,
46, CLOUD IOT SYSTEMS FOR SMART AGRICULTURAL ENGINEERING,1, SARAVANAN KRISHNAN,2,,,,,2023,,
47, HEAT TRANSFER IN SUBSONIC SEPARATED  FLOWS,1, TEREKHOV   VIIKTOR ET AL,6,,,,,2023,,
48, HEAT TRANSFER 3,1, LEDOUX  MICHEL,2,,,,,2023,,
49, HYDRAULIC AND HYDROLOGIC ENGINEERING,1, SAMANI A. ZOHRAB,5,,,,,2023,,
50,  HYDROLOGICAL MODELING,1, JHA RAMAKAR ET AL,4,,,,,2023,,
51, BASIC OF FLUID MECHANICS,1, MEIR BAR GENICK,1,,,,,2023,,
52, SOLID WASTE ENGINEERING AND MANAGEMENT,1, WANG K. LAWRENCE ET AL,1,,,,,2023,,
53, ARTIFICIAL INTELLIGENCE AND DATA DRIVEN OPTIMIZATION OF  INTERNAL  COMBUSTION ENGINES,1,EDITORS :BADRA  JIHAD ETAL,3,,,,,2023,,
54," MATHEMATICAL, COMPUTATIONAL INTELLIGENCE AND ENGINEERING APPROACHES FOR TOURISM, AGRICULTURE",1,PANKAJ SRIVASTAVA ET AL,1,,,,,2023,,
55,AGRICULTURAL CHANGE AND PEASANT CHOICE IN A THAI VILLAGE,1,MICHAEL MOERMAN,5,,,,,2023,,
56,"AGRICULTURAL TRANSFORMATION IN AFRICA: CONTEMPORARY ISSUES, EMPIRICS, AND POLICIES",1,GBADEBO O. A. ODULARU,3,,,,,2023,,
57,"SUSTAINABLE NANOMATERIALS FOR BIOSYSTEMS ENGINEERING: TRENDS IN RENEWABLE ENERGY, ENVIRONMENT, AND AGRICULTURE",1,JUNAID AHMAD MALIK,1,,,,,2023,,
58,"AGRICULTURE, RECREATION, WATER QUALITY AND NATURE PROTECTION IN THE HULA VALLEY, ISRAEL: 70 YEARS OF A MEGA-ECOLOGICAL PROJECT",1,MOSHE GOPHEN,2,,,,,2023,,
59,BIOSALINE AGRICULTURE AS A CLIMATE CHANGE ADAPTATION FOR FOOD SECURITY,1,"REDOUANE CHOUKR-ALLAH, RAGAB RAGAB",2,,,,,2023,,
60,"AGRICULTURAL WASTE: ENVIRONMENTAL IMPACT, USEFUL METABOLITES AND ENERGY PRODUCTION",1,"K.G. RAMAWAT, JEAN-MICHEL MÉRILLON, JAYA ARORA",2,,,,,2023,,
61,ENHANCING RESILIENCE OF DRYLAND AGRICULTURE UNDER CHANGING CLIMATE: INTERDISCIPLINARY AND CONVERGENCE APPROACHES,1,"ANANDKUMAR NAOREM, DEEPESH MACHIWAL",4,,,,,2023,,
62,SUSTAINABLE AGRICULTURE REVIEWS 60: MICROBIAL PROCESSES IN AGRICULTURE,1,"N.K. SINGH, ANIRUDHA CHATTOPADHYAY, ERIC LICHTFOUSE",6,,,,,2023,,
63,INTRODUCTION TO MANUFACTURING: AN INDUSTRIAL ENGINEERING AND MANAGEMENT PERSPECTIVE,1,"MICHEL BAUDIN, TORBJØRN H. NETLAND",2,,,,,2023,,
64,ADVANCES IN URBAN ENGINEERING AND MANAGEMENT SCIENCE,1,"RASHWAN KHALIL, JUN YANG",3,,,,,2023,,
65,CIVIL ENGINEERING AND URBAN RESEARCH: VOLUME 2,1,"HAZEM SAMIH MOHAMED, JINFANG HOU",2,,,,,2023,,
66,CIVIL ENGINEERING AND URBAN RESEARCH: VOLUME 1,1,"HAZEM SAMIH MOHAMED, JINFANG HOU",1,,,,,2023,,
67,GREEN SUSTAINABLE PROCESS FOR CHEMICAL AND ENVIRONMENTAL ENGINEERING AND SCIENCE: CARBON DIOXIDE CAPTURE AND UTILIZATION,1,"INAMUDDIN I., ALTALHI T. (ED.)",2,,,,,2023,,
68,GREEN SUSTAINABLE PROCESS FOR CHEMICAL AND ENVIRONMENTAL ENGINEERING AND SCIENCE: GREEN SOLVENTS AND EXTRACTION TECHNOLOGY,1,"INAMUDDIN I., ALTALHI T. (ED.)",6,,,,,2023,,
69,INTELLIGENT DATA ENGINEERING AND ANALYTICS: PROCEEDINGS OF THE 10TH INTERNATIONAL CONFERENCE ON FRONTIERS IN INTELLIGENT COMPUTING: THEORY AND APPLICATIONS (FICTA 2022),1,"VIKRANT BHATEJA, XIN-SHE YANG, JERRY CHUN-WEI LIN, RANJITA DAS (EDITORS)",2,,,,,2023,,
70,SOLAR ENERGY ENGINEERING AND APPLICATIONS,1,"AHMED RACHID, AYTAC GOREN, VICTOR BECERRA, JOVANA RADULOVIC, SOURAV KHANNA",5,,,,,2023,,
71,PROCEEDINGS OF THE INTERNATIONAL CONFERENCE ON AEROSPACE SYSTEM SCIENCE AND ENGINEERING 2022,1,"ZHONGLIANG JING, XINGQUN ZHAN, CHRISTOPHER DAMAREN",4,,,,,2023,,
72,CHEMICAL ENGINEERING PROCESS SIMULATION,1,DOMINIC C. Y. FOO,1,,,,,2023,,
73,VARIABLE GAIN CONTROL AND ITS APPLICATIONS IN ENERGY CONVERSION (AUTOMATION AND CONTROL ENGINEERING),1,"CHENGHUI ZHANG, LE CHANG, CHENG FU",1,,,,,2023,,
74,SIMULTANEOUS MASS TRANSFER AND CHEMICAL REACTIONS IN ENGINEERING SCIENCE,1,BERTRAM K. C. CHAN,3,,,,,2023,,
75,NAVIGATING THE ENGINEERING ORGANIZATION: A NEW ENGINEER’S GUIDE,1,ROBERT M. SANTER,1,,,,,2023,,
76,THE INTERNATIONAL SOCIETY FOR ENGINEERING PEDAGOGY: 1972–2022,1,"TATIANA POLYAKOVA, VIACHESLAV PRIKHODKO, TIIA RÜÜTMANN, MICHAEL E. AUER",5,,,,,2023,,
77,OPTIMIZATION METHODS FOR ENGINEERING PROBLEMS,1,"DILBAGH PANCHAL, PRASENJIT CHATTERJEE, MOHIT TYAGI, RAVI PRATAP SINGH",3,,,,,2023,,
78,APPLIED NUMERICAL ANALYSIS WITH MATLAB/SIMULINK. FOR ENGINEERS AND SCIENTISTS,1,FARZIN ASADI,1,,,,,2023,,
79,HANDBOOK OF RE-ENGINEERING SOFTWARE INTENSIVE SYSTEMS INTO SOFTWARE PRODUCT LINES,1,ROBERTO E. LOPEZ(ET AL.),2,,,,,2023,,
80,COMPUTER AIDED DESIGN. ENGINEERING DESIGN AND MODELLING USING AUTOCAD,1,WILSON R. NYEMBA,2,,,,,2023,,
81,"ADVANCES IN COGNITIVE SCIENCE AND COMMUNICATIONS: SELECTED ARTICLES FROM THE 5TH INTERNATIONAL CONFERENCE ON COMMUNICATIONS AND CYBER-PHYSICAL ENGINEERING (ICCCE 2022), HYDERABAD, INDIA",1,"AMIT KUMAR, STEFAN MOZAR, JAN HAASE",2,,,,,2023,,
82,"SOFT COMPUTING AND ITS ENGINEERING APPLICATIONS: 4TH INTERNATIONAL CONFERENCE, ICSOFTCOMP 2022 CHANGA, ANAND, INDIA, DECEMBER 9–10, 2022 PROCEEDINGS",1,"KANUBHAI K. PATEL, K. C. SANTOSH, ATUL PATEL, ASHISH GHOSH",4,,,,,2023,,
83,ENGINEERING MATHEMATICS AND COMPUTING,1,PARK GYEI-KARK DIPAK KUMAR JANA (ET AL.),6,,,,,2023,,
84,DIFFERENT ENGINES: MEDIA TECHNOLOGIES FROM LATIN AMERICA,1,ANDRÉS BURBANO,2,,,,,2023,,
85,"FRONTIERS IN CIVIL AND HYDRAULIC ENGINEERING, VOLUME 2: PROCEEDINGS OF THE 8TH INTERNATIONAL CONFERENCE ON ARCHITECTURAL, CIVIL AND HYDRAULIC ENGINEERING (ICACHE 2022), GUANGZHOU, CHINA, 12–14 AUGUST 2022",1,"MOHAMED A. ISMAIL, HAZEM SAMIH MOHAMED",3,,,,,2023,,
86,"FRONTIERS IN CIVIL AND HYDRAULIC ENGINEERING, VOLUME 1: PROCEEDINGS OF THE 8TH INTERNATIONAL CONFERENCE ON ARCHITECTURAL, CIVIL AND HYDRAULIC ENGINEERING (ICACHE 2022), GUANGZHOU, CHINA, 12–14 AUGUST 2022",1,"MOHAMED A. ISMAIL, HAZEM SAMIH MOHAMED",2,,,,,2023,,
87,ENGINEERING MATHEMATICS AND COMPUTING,1,"PARK GYEI-KARK, DIPAK KUMAR JANA, PRABIR PANJA, MOHD HELMY ABD WAHAB",1,,,,,2023,,
88,STOCHASTIC PROCESSES IN CLASSICAL AND QUANTUM PHYSICS AND ENGINEERING,1,HARISH PARTHASARATHY,2,,,,,2023,,
89,NATURE-INSPIRED ALGORITHMS FOR ENGINEERS AND SCIENTISTS,1,KRISHN KUMAR MISHRA,6,,,,,2023,,
90,INTRODUCTION TO SHIP ENGINE ROOM SYSTEMS,1,ALEXANDER ARNFINN OLSEN,2,,,,,2023,,
91,ARTIFICIAL INTELLIGENCE IN MECHATRONICS AND CIVIL ENGINEERING: BRIDGING THE GAP,1,"EHSAN MOMENI, DANIAL JAHED ARMAGHANI, AYDIN AZIZI",5,,,,,2023,,
92,SYSTEM DYNAMICS FOR COMPLEX PROBLEMS IN PAVEMENT ENGINEERING,1,RAJIB B. MALLICK,4,,,,,2023,,
93,KNOWLEDGE-BASED SOFTWARE ENGINEERING: 2022: PROCEEDINGS OF THE 14TH INTERNATIONAL JOINT CONFERENCE ON KNOWLEDGE-BASED SOFTWARE ENGINEERING,1,"MARIA VIRVOU, TAKUYA SARUWATARI, LAKHMI C. JAIN",1,,,,,2023,,
94,TRENDS IN ARTIFICIAL INTELLIGENCE AND COMPUTER ENGINEERING: PROCEEDINGS OF ICAETT 2022,1,"MIGUEL BOTTO-TOBAR, OMAR S. GÓMEZ, RAUL ROSERO MIRANDA, ANGELA DÍAZ CADENA, WASHINGTON LUNA-ENCALADA",1,,,,,2023,,
95,LIDAR ENGINEERING: INTRODUCTION TO BASIC PRINCIPLES,1,"GARY G. GIMMESTAD, DAVID W. ROBERTS",3,,,,,2023,,
96,LEARNING INTELLIGENCE: INNOVATIVE AND DIGITAL TRANSFORMATIVE LEARNING STRATEGIES: CULTURAL AND SOCIAL ENGINEERING PERSPECTIVES,1,KUMARAN RAJARAM,1,,,,,2023,,
97,ADVANCES IN FRONTIER RESEARCH ON ENGINEERING STRUCTURES,1,YANG YANG,5,,,,,2023,,
98,"SOFTWARE ENGINEERING AND FORMAL METHODS. SEFM 2022 COLLOCATED WORKSHOPS: AI4EA, F-IDE, COSIM-CPS, CIFMA BERLIN, GERMANY, SEPTEMBER 26–30, 2022 REVISED SELECTED PAPERS",1,"PAOLO MASCI, CINZIA BERNARDESCHI, PIERLUIGI GRAZIANI, MARIO KODDENBROCK, MAURIZIO PALMIERI",3,,,,,2023,,
99,"PROCEEDINGS OF THE 5TH INTERNATIONAL CONFERENCE ON NUMERICAL MODELLING IN ENGINEERING: VOLUME 1: NUMERICAL MODELLING IN CIVIL ENGINEERING, NME 2022, 23–24 AUGUST, GHENT UNIVERSITY, BELGIUM",1,MAGD ABDEL WAHAB,1,,,,,2023,,
100,"ADVANCES IN DESIGN ENGINEERING III: PROCEEDINGS OF THE XXXI INGEGRAF INTERNATIONAL CONFERENCE 29–30 JUNE, 1 JULY 2022, MÁLAGA, SPAIN",1,"FRANCISCO CAVAS-MARTÍNEZ, MANUEL D. MARÍN GRANADOS, RAMÓN MIRÁLBES BUIL, OSCAR D. DE-CÓZAR-MACÍAS",2,,,,,2023,,
101,COMPUTATIONAL INTELLIGENCE IN SUSTAINABLE RELIABILITY ENGINEERING,1,"S. C. MALIK, DEEPAK SINWAR, ASHISH KUMAR, S. R. GADDE, PRASENJIT CHATTERJEE AND BUI THANH HUNG",2,,,,,2023,,
102,WHAT EVERY ENGINEER SHOULD KNOW ABOUT DATA-DRIVEN ANALYTICS,1,"SATISH MAHADEVAN SRINIVASAN, PHILLIP A. LAPLANTE",2,,,,,2023,,
103,NANO METAL OXIDES: ENGINEERING AND BIOMEDICAL APPLICATIONS,1,"KARTHIKEYAN B., GNANAKUMAR G., ALPHONSA A.T.",4,,,,,2023,,
104,FLIGHT TESTING: ANALYSIS OF THE SPIN DYNAMICS OF A SINGLE-ENGINE LOW-WING AEROPLANE,1,STEFFEN HAAKON SCHRADER,6,,,,,2023,,
105,EMERGING DRUG DELIVERY AND BIOMEDICAL ENGINEERING TECHNOLOGIES: TRANSFORMING THERAPY,1,DIMITRIOS LAMPROU,2,,,,,2023,,
106,MARINE PHENOLIC COMPOUNDS: SCIENCE AND ENGINEERING,1,"JOSE RICARDO PEREZ CORREA, RAQUEL MATEOS, HERMINIA DOMINGUEZ",3,,,,,2023,,
107,EXPERIMENT DESIGN FOR CIVIL ENGINEERING: METHODS AND EXAMPLES,1,"FRANCIS J. HOPCROFT, ABIGAIL J. CHAREST",2,,,,,2023,,
108,"ADVANCES IN CIVIL ENGINEERING AND ENVIRONMENTAL ENGINEERING, VOLUME 2",1,"WIRA JAZAIR BIN YAHYA, ZAWAWI BIN DAUD, (EDS.)",1,,,,,2023,,
109,"ADVANCES IN CIVIL ENGINEERING AND ENVIRONMENTAL ENGINEERING, VOLUME 1",1,"WIRA JAZAIR BINYAHYA, ZAWAWI BIN DAUD, (EDS.)",2,,,,,2023,,
110,ENVIRONMENTAL CHALLENGES IN CIVIL ENGINEERING II,1,ZBIGNIEW Z ZBIGNIEW P (EDS.) (ET AL.),6,,,,,2023,,
111,"ADVANCES ON TESTING AND EXPERIMENTATION IN CIVIL ENGINEERING: MATERIALS, STRUCTURES AND BUILDINGS",1,"CARLOS CHASTRE, JOSÉ NEVES, DIOGO RIBEIRO, MARIA GRAÇA NEVES, PAULINA FARIA, (EDS.)",2,,,,,2023,,
112,"ADVANCES IN CIVIL ENGINEERING MATERIALS: SELECTED ARTICLES FROM THE 6TH INTERNATIONAL CONFERENCE ON ARCHITECTURE AND CIVIL ENGINEERING (ICACE 2022), KUALA LUMPUR, MALAYSIA",1,"ELHAM MAGHSOUDI NIA, LLOYD LING, MOKHTAR AWANG, SEYED SATTAR EMAMIAN",5,,,,,2023,,
113,"PROCEEDINGS OF THE 5TH INTERNATIONAL CONFERENCE ON NUMERICAL MODELLING IN ENGINEERING: VOLUME 1: NUMERICAL MODELLING IN CIVIL ENGINEERING, NME 2022, 23–24 AUGUST, GHENT UNIVERSITY, BELGIUM",1,MAGD ABDEL WAHAB,4,,,,,2023,,
114,ARTIFICIAL INTELLIGENCE IN MECHATRONICS AND CIVIL ENGINEERING: BRIDGING THE GAP,1,"EHSAN MOMENI, DANIAL JAHED ARMAGHANI, AYDIN AZIZI",1,,,,,2023,,
115,"FRONTIERS IN CIVIL AND HYDRAULIC ENGINEERING, VOLUME 1: PROCEEDINGS OF THE 8TH INTERNATIONAL CONFERENCE ON ARCHITECTURAL, CIVIL AND HYDRAULIC ENGINEERING (ICACHE 2022), GUANGZHOU, CHINA, 12–14 AUGUST 2022",1,"MOHAMED A. ISMAIL, HAZEM SAMIH MOHAMED",1,,,,,2023,,
116,"FRONTIERS IN CIVIL AND HYDRAULIC ENGINEERING, VOLUME 2: PROCEEDINGS OF THE 8TH INTERNATIONAL CONFERENCE ON ARCHITECTURAL, CIVIL AND HYDRAULIC ENGINEERING (ICACHE 2022), GUANGZHOU, CHINA, 12–14 AUGUST 2022",1,"MOHAMED A. ISMAIL, HAZEM SAMIH MOHAMED",3,,,,,2023,,
117,CIVIL ENGINEERING AND URBAN RESEARCH: VOLUME 1,1,"HAZEM SAMIH MOHAMED, JINFANG HOU",1,,,,,2023,,
118,CIVIL ENGINEERING AND URBAN RESEARCH: VOLUME 2,1,"HAZEM SAMIH MOHAMED, JINFANG HOU",5,,,,,2023,,
119,PYTHON FOR ENGINEERS AND SCIENTISTS,1,"RAKESH NAYAK, NISHU GUPTA",3,,,,,2023,,
120,"MATLAB FOR ENGINEERING APPLICATIONS, 5TH EDITION",1,WILLIAM JOHN PALM (III),1,,,,,2023,,
121,FUKUSHIMA AND CIVIL SOCIETY: THE JAPANESE ANTI-NUCLEAR MOVEMENT FROM A SOCIO-POLITICAL PERSPECTIVE,1,BEATA BOCHORODYCZ,2,,,,,2023,,
122,FUKUSHIMA AND CIVIL SOCIETY; THE JAPANESE ANTI-NUCLEAR MOVEMENT FROM A SOCIOPOLITICAL PERSPECTIVE; FIRST EDITION,1,BEATA BOCHORODYCZ,2,,,,,2023,,
123,HANDBOOK OF SUSTAINABLE DEVELOPMENT THROUGH GREEN ENGINEERING AND TECHNOLOGY,1,"(EDS) VIKRAM BALI, RAJNI MOHANA, AHMED A. ELNGAR, SUNIL KUMAR CHAWLA",2,,,,,2023,,
124,GLOBAL GOVERNANCE OF CIVIL AVIATION SAFETY,1,NILGUN OZGUR,4,,,,,2023,,
125,AN INTRODUCTION TO GEOTECHNICAL ENGINEERING,1,"ROBERT D. HOLTZ, WILLIAM D. KOVACS, THOMAS C. SHEAHAN",6,,,,,2023,,
126,EARTHQUAKE SCIENCE AND ENGINEERING,1,ÖMER AYDAN,2,,,,,2023,,
127,VARIATIONAL CALCULUS WITH ENGINEERING APPLICATIONS,1,"CONSTANTIN UDRISTE, IONEL TEVY",3,,,,,2023,,
128,STOCHASTIC PROCESSES IN CLASSICAL AND QUANTUM PHYSICS AND ENGINEERING,1,HARISH PARTHASARATHY,2,,,,,2023,,
129,ENGINEERED NANOPARTICLES AS DRUG DELIVERY SYSTEMS,1,"REHMAN N., PANDEY A.",1,,,,,2023,,
130,AI FOR STATUS MONITORING OF UTILITY SCALE BATTERIES,1,"SHUNLI WANG, KAILONG LIU, YUJIE WANG, DANIEL-IOAN STROE, CARLOS FERNANDEZ, JOSEP M. GUERRERO",2,,,,,2023,,
131,SOFTWARE ENGINEER’S GUIDE TO DEEP LEARNING SYSTEM DESIGN (MEAP V08),1,"CHI WANG, DONALD SZETO",6,,,,,2023,,
132,LINEAR ALGEBRA AND GROUP THEORY FOR PHYSICISTS AND ENGINEERS,1,YAIR SHAPIRA,2,,,,,2023,,
133,"AZURE MACHINE LEARNING ENGINEERING: DEPLOY, FINE-TUNE, AND OPTIMIZE ML MODELS USING MICROSOFT AZURE",1,"SINA FAKHRAEE, BALAMURUGAN BALAKRESHNAN, MEGAN MASANZ",5,,,,,2023,,
134,"PROBABILITY FOUNDATIONS FOR ENGINEERS, 2ND EDITION",1,JOEL A. NACHLAS,4,,,,,2023,,
135,MASTERING GRAPHICS PROGRAMMING WITH VULKAN: DEVELOP A MODERN RENDERING ENGINE FROM FIRST PRINCIPLES TO STATE-OF-THE-ART TECHNIQUES,1,"MARCO CASTORINA, GABRIEL SASSONE",1,,,,,2023,,
136,"NUMERICAL METHODS USING KOTLIN: FOR DATA SCIENCE, ANALYSIS, AND ENGINEERING",1,"HAKSUN LI, PHD",1,,,,,2023,,
137,EXPERIMENTATION FOR ENGINEERS: FROM A/B TESTING TO BAYESIAN OPTIMIZATION (FINAL RELEASE),1,DAVID SWEET,3,,,,,2023,,
138,TEST AUTOMATION ENGINEERING HANDBOOK: LEARN AND IMPLEMENT TECHNIQUES FOR BUILDING ROBUST TEST AUTOMATION FRAMEWORKS,1,MANIKANDAN SAMBAMURTHY,1,,,,,2023,,
139,APPLIED MACHINE LEARNING AND AI FOR ENGINEERS: SOLVE BUSINESS PROBLEMS THAT CAN’T BE SOLVED ALGORITHMICALLY,1,JEFF PROSISE,5,,,,,2023,,
140,"INDUSTRIAL IOT FOR ARCHITECTS AND ENGINEERS: ARCHITECTING SECURE, ROBUST, AND SCALABLE INDUSTRIAL IOT SOLUTIONS WITH AWS",1,"JOEY BERNAL, BHARATH SRIDHAR",3,,,,,2023,,
141,ADVANCED MATHEMATICS FOR ENGINEERS AND PHYSICISTS,1,"SEVER ANGEL POPESCU, MARILENA JIANU",1,,,,,2023,,
142,FUNDAMENTALS OF FLUID MECHANICS: FOR SCIENTISTS AND ENGINEERS,1,PATRICK CHASSAING,2,,,,,2023,,
143,THE ENGLISH CIVIL WARS,1,PATRICK LITTLE,2,,,,,2023,,
144,MULTIFACETED BAMBOO: ENGINEERED PRODUCTS AND OTHER APPLICATIONS,1,"PARIDAH MD TAHIR, SENG HUA LEE, SYEED SAIFULAZRY OSMAN AL-EDRUS, MOHD KHAIRUN ANWAR UYUP",2,,,,,2023,,
145,"SCIENCE AND ENGINEERING OF CHINESE LIQUOR (BAIJIU): MICROBIOLOGY, CHEMISTRY AND PROCESS TECHNOLOGY",1,YAN XU,4,,,,,2023,,
146,CAESAR’S CIVIL WAR: 49–44 BC (OSPREY ESSENTIAL HISTORIES #42),1,ADRIAN GOLDSWORTHY,6,,,,,2023,,
147,"HIGH PERFORMANCE COMPUTING IN SCIENCE AND ENGINEERING ‘21: TRANSACTIONS OF THE HIGH PERFORMANCE COMPUTING CENTER, STUTTGART",1,"WOLFGANG E. NAGEL, DIETMAR H. KRÖNER, MICHAEL M. RESCH, (EDS.)",2,,,,,2023,,
148,LECTURE NOTES IN ROTORCRAFT ENGINEERING,1,"ANTONIO FILIPPONE, GEORGE BARAKOS",3,,,,,2023,,
149,RISK-CONSCIOUS OPERATIONS MANAGEMENT: AN INTEGRATED PARADIGM FOR COMPLEX ENGINEERING SYSTEM,1,PRABHAKAR V. VARDE,2,,,,,2023,,
150,ADVANCES IN URBAN CONSTRUCTION AND MANAGEMENT ENGINEERING,1,YOUNG-JIN CHA,1,,,,,2023,,
151,PROJECT DESIGN FOR GEOMATICS ENGINEERS AND SURVEYORS,1,"CLEMENT A. OGAJA, NASHON JUMA ADERO, DERRICK KOOME",2,,,,,2023,,
152,SIMULTANEOUS MASS TRANSFER AND CHEMICAL REACTIONS IN ENGINEERING SCIENCE,1,BERTRAM K. C. CHAN,6,,,,,2023,,
153,"INTEGRAL TRANSFORMS AND ENGINEERING: THEORY, METHODS, AND APPLICATIONS",1,"ABDON ATANGANA, ALI AKGÜL",2,,,,,2023,,
154,BLAST INJURY SCIENCE AND ENGINEERING: A GUIDE FOR CLINICIANS AND RESEARCHERS,1,"ANTHONY M. J. BULL, JON CLASPER, PETER F. MAHONEY",5,,,,,2023,,
155,DEPLOYABLE MULTIMODAL MACHINE INTELLIGENCE: APPLICATIONS IN BIOMEDICAL ENGINEERING,1,HONGLIANG REN,4,,,,,2023,,
156,"HIGH PERFORMANCE COMPUTING IN SCIENCE AND ENGINEERING ‘21: TRANSACTIONS OF THE HIGH PERFORMANCE COMPUTING CENTER, STUTTGART",1,"WOLFGANG E. NAGEL, DIETMAR H. KRÖNER, MICHAEL M. RESCH, (EDS.)",1,,,,,2023,,
157,COMPUTATIONAL LIFE SCIENCES: DATA ENGINEERING AND DATA MINING FOR LIFE SCIENCES,1,"JENS DÖRPINGHAUS, VERA WEIL, SEBASTIAN SCHAAF, ALEXANDER APKE",1,,,,,2023,,
158,SOFT COMPUTING : RECENT ADVANCES AND APPLICATIONS IN ENGINEERING AND MATHEMATICAL SCIENCES,1,"PRADIP DEBNATH, OSCAR CASTILLO, POOM KUMAM",3,,,,,2023,,
159,SCIENTIFIC COMPUTING: FOR SCIENTISTS AND ENGINEERS,1,"TIMO HEISTER, LEO G. REBHOLZ",1,,,,,2023,,
160,TRUSTWORTHY AUTONOMIC COMPUTING,1,THADDEUS EZE,5,,,,,2023,,
161,"SOFTWARE ENGINEERING APPLICATION IN SYSTEMS DESIGN: PROCEEDINGS OF 6TH COMPUTATIONAL METHODS IN SYSTEMS AND SOFTWARE 2022, VOLUME 1",1,"RADEK SILHAVY, PETR SILHAVY, ZDENKA PROKOPOVA",3,,,,,2023,,
162,ADVANCES IN MATHEMATICAL AND COMPUTATIONAL MODELING OF ENGINEERING SYSTEMS,1,"MUKESH KUMAR AWASTHI, MAITRI VERMA, MANGEY RAM",1,,,,,2023,,
163,COMPUTATIONAL INTELLIGENCE APPLICATIONS FOR SOFTWARE ENGINEERING PROBLEMS,1,"PARMA NAND, NITIN RAKESH, ARUN PRAKASH AGRAWAL, VISHAL JAIN",2,,,,,2023,,
164,"SOIL DYNAMICS, EARTHQUAKE AND COMPUTATIONAL GEOTECHNICAL ENGINEERING: PROCEEDINGS OF THE INDIAN GEOTECHNICAL CONFERENCE 2021 VOLUME 5",1,"KASINATHAN MUTHUKKUMARAN, R. AYOTHIRAMAN, SREEVALSA KOLATHAYAR",2,,,,,2023,,
165,SOFT COMPUTING RECENT ADVANCES AND APPLICATIONS IN ENGINEERING AND MATHEMATICAL SCIENCES,1,"PRADIP DEBNATH, OSCAR CASTILLO, POOM KUMAM",2,,,,,2023,,
166,"COMPUTER PERFORMANCE ENGINEERING: 18TH EUROPEAN WORKSHOP, EPEW 2022, SANTA POLA, SPAIN, SEPTEMBER 21–23, 2022, PROCEEDINGS",1,"KATJA GILLY, NIGEL THOMAS",4,,,,,2023,,
167,"HIGH PERFORMANCE COMPUTING IN SCIENCE AND ENGINEERING ’21. TRANSACTIONS OF THE HIGH PERFORMANCE COMPUTING CENTER, STUTTGART (HLRS) 2021",1,"WOLFGANG E. NAGEL, DIETMAR H. KRÖNER, MICHAEL M. RESCH",6,,,,,2023,,
168,"BIG DATA, CLOUD COMPUTING, AND DATA SCIENCE ENGINEERING",1,ROGER LEE,2,,,,,2023,,
169,COMPUTATIONAL INTELLIGENCE IN SUSTAINABLE RELIABILITY ENGINEERING,1,"S. C. MALIK, DEEPAK SINWAR, ASHISH KUMAR, S. R. GADDE, PRASENJIT CHATTERJEE AND BUI THANH HUNG",3,,,,,2023,,
170,TRENDS IN ARTIFICIAL INTELLIGENCE AND COMPUTER ENGINEERING: PROCEEDINGS OF ICAETT 2022,1,"MIGUEL BOTTO-TOBAR, OMAR S. GÓMEZ, RAUL ROSERO MIRANDA, ANGELA DÍAZ CADENA, WASHINGTON LUNA-ENCALADA",2,,,,,2023,,
171,ENGINEERING MATHEMATICS AND COMPUTING,1,"PARK GYEI-KARK, DIPAK KUMAR JANA, PRABIR PANJA, MOHD HELMY ABD WAHAB",1,,,,,2023,,
172,ENGINEERING MATHEMATICS AND COMPUTING,1,"PARK GYEI-KARK, DIPAK KUMAR JANA, PRABIR PANJA, MOHD HELMY ABD WAHAB",2,,,,,2023,,
173,COMPUTER AIDED DESIGN. ENGINEERING DESIGN AND MODELLING USING AUTOCAD,1,WILSON R. NYEMBA,6,,,,,2023,,
174,INTELLIGENT DATA ENGINEERING AND ANALYTICS: PROCEEDINGS OF THE 10TH INTERNATIONAL CONFERENCE ON FRONTIERS IN INTELLIGENT COMPUTING: THEORY AND APPLICATIONS (FICTA 2022),1,"VIKRANT BHATEJA, XIN-SHE YANG, JERRY CHUN-WEI LIN, RANJITA DAS (EDITORS)",2,,,,,2023,,
175,"SOFT COMPUTING AND ITS ENGINEERING APPLICATIONS: 4TH INTERNATIONAL CONFERENCE, ICSOFTCOMP 2022 CHANGA, ANAND, INDIA, DECEMBER 9–10, 2022 PROCEEDINGS",1,"KANUBHAI K. PATEL, K. C. SANTOSH, ATUL PATEL, ASHISH GHOSH",5,,,,,2023,,
176,PYTHON FOR ENGINEERS AND SCIENTISTS,1,"RAKESH NAYAK, NISHU GUPTA",4,,,,,2023,,
177,"MATLAB FOR ENGINEERING APPLICATIONS, 5TH EDITION ",1,WILLIAM JOHN PALM (III),1,,,,,2023,,
178,COMPUTED TOMOGRAPHY: A PRIMER FOR RADIOGRAPHERS,1,"SHAYNE CHAU, CHRISTOPHER M. HAYRE",1,,,,,2023,,
179,HANDBOOK OF SUSTAINABLE DEVELOPMENT THROUGH GREEN ENGINEERING AND TECHNOLOGY,1,"(EDS) VIKRAM BALI, RAJNI MOHANA, AHMED A. ELNGAR, SUNIL KUMAR CHAWLA",3,,,,,2023,,
180,COMPUTER ORGANIZATION,1,J. STANLEY WARFORD,1,,,,,2023,,
181,CHEMOTAXIS MODELING OF AUTOIMMUNE INFLAMMATION. PDE COMPUTER ANALYSIS IN R,1,WILLIAM E. SCHIESSER,5,,,,,2023,,
182,CODE: THE HIDDEN LANGUAGE OF COMPUTER HARDWARE AND SOFTWARE,1,CHARLES PETZOLD,3,,,,,2023,,
183,AN INTRODUCTION TO GEOTECHNICAL ENGINEERING,1,"ROBERT D. HOLTZ, WILLIAM D. KOVACS, THOMAS C. SHEAHAN",1,,,,,2023,,
184,EARTHQUAKE SCIENCE AND ENGINEERING,1,ÖMER AYDAN,2,,,,,2023,,
185,"AEROSPACE AND ASSOCIATED TECHNOLOGY. PROCEEDINGS OF THE JOINT CONFERENCE OF THE INTERNATIONAL CONFERENCE ON THEORETICAL, APPLIED, COMPUTATIONAL AND EXPERIMENTAL MECHANICS (ICTACEM), ASIAN-PACIFIC CONFERENCE ON AEROSPACE TECHNOLOGY AND SCIENCE (APCATS), AS",1,"ANUP GHOSH, KALYAN PRASAD SINHAMAHAPATRA, RATAN JOARDER, SIKHA HOTA",2,,,,,2023,,
186,"CLOUD-NATIVE COMPUTING: HOW TO DESIGN, DEVELOP, AND SECURE MICROSERVICES AND EVENT-DRIVEN APPLICATIONS",1,PETHURU R. CHELLIAH,2,,,,,2023,,
187,INTRODUCTION TO COMPUTATIONAL NANOMECHANICS: MULTISCALE AND STATISTICAL SIMULATIONS,1,"SHAOFAN LI, JUN LI",4,,,,,2023,,
188,VARIATIONAL CALCULUS WITH ENGINEERING APPLICATIONS,1,"CONSTANTIN UDRISTE, IONEL TEVY",6,,,,,2023,,
189,"ANALOG COMPUTING (DE GRUYTER TEXTBOOK), 2ND EDITION",1,BERND ULMANN,2,,,,,2023,,
190,STOCHASTIC PROCESSES IN CLASSICAL AND QUANTUM PHYSICS AND ENGINEERING,1,HARISH PARTHASARATHY,3,,,,,2023,,
191,"COMPUTATIONAL INTELLIGENCE IN HEALTHCARE: APPLICATIONS, CHALLENGES, AND MANAGEMENT",1,"MEENU GUPTA, SHAKEEL AHMED, RAKESH KUMAR, CHADI ALTRJMAN",2,,,,,2023,,
192,"CONVERGENCE: ARTIFICIAL INTELLIGENCE AND QUANTUM COMPUTING: SOCIAL, ECONOMIC, AND POLICY IMPACTS",1,GREG VIGGIANO,1,,,,,2023,,
193,EXPLAINABLE EDGE AI: A FUTURISTIC COMPUTING PERSPECTIVE,1,"ABOUL ELLA HASSANIEN, DEEPAK GUPTA, ANUJ KUMAR SINGH, ANKIT GARG",2,,,,,2023,,
194,ADVANCES AND NEW TRENDS IN ENVIRONMENTAL INFORMATICS: COMPUTATIONAL SUSTAINABILITY,1,"VOLKER WOHLGEMUTH, STEFAN NAUMANN, GRIT BEHRENS, HANS-KNUD ARNDT, MAXIMILIAN HÖB",6,,,,,2023,,
195,ENGINEERED NANOPARTICLES AS DRUG DELIVERY SYSTEMS,1,"REHMAN N., PANDEY A.",2,,,,,2023,,
196,AI FOR STATUS MONITORING OF UTILITY SCALE BATTERIES,1,"SHUNLI WANG, KAILONG LIU(ET AL)",5,,,,,2023,,
197,BUILDING ENTERPRISE IOT SOLUTIONS WITH ECLIPSE IOT TECHNOLOGIES: AN OPEN SOURCE APPROACH TO EDGE COMPUTING,1,FRÉDÉRIC DESBIENS,4,,,,,2023,,
198,IMAGE PROCESSING AND INTELLIGENT COMPUTING SYSTEMS,1,"PRATEEK SINGHAL, ABHISHEK VERMA, PRABHAT KUMAR SRIVASTAVA, RAM KUMAR, VIRENDER RANGA",1,,,,,2023,,
199,BUILDING ENTERPRISE IOT SOLUTIONS WITH ECLIPSE IOT TECHNOLOGIES: AN OPEN SOURCE APPROACH TO EDGE COMPUTING,1,FRÉDÉRIC DESBIENS,1,,,,,2023,,
200,SOFTWARE ENGINEER’S GUIDE TO DEEP LEARNING SYSTEM DESIGN (MEAP V08),1,"CHI WANG, DONALD SZETO",3,,,,,2023,,
